{
  "run_id": "run_000052",
  "design": {
    "w_in": 5.432572014446694e-06,
    "l_in": 1.6130828882911178e-06,
    "w_load": 1.2546784205551014e-06,
    "l_load": 2.427252332204884e-07,
    "w_tail": 1.7584902205618629e-06,
    "l_tail": 2.6758630326888803e-07,
    "i_bias": 1.6439624159412593e-05,
    "c_comp": 2.6221906534727386e-12,
    "w_stage2": 4.920918413353736e-06,
    "l_stage2": 1.7347223280883767e-06
  },
  "netlist_path": "netlists\\generated\\opamp\\run_000052.scs",
  "run_dir": "data\\raw\\opamp\\run_000052",
  "runner_result": {
    "success": true,
    "return_code": 0,
    "runtime_sec": 0.0020089149475097656,
    "run_dir": "data\\raw\\opamp\\run_000052",
    "log_path": "data\\raw\\opamp\\run_000052\\spectre.out",
    "stderr_path": "data\\raw\\opamp\\run_000052\\spectre.err",
    "metrics_path": "data\\raw\\opamp\\run_000052\\metrics.txt",
    "error_message": "",
    "mode": "mock"
  },
  "metrics": {
    "gain_db": 50.273818,
    "gbw_hz": 18930376.656206,
    "pm_deg": 84.270525,
    "power_w": 5.9692e-05
  },
  "simulation_failed": false,
  "failure_reasons": [],
  "metrics_complete": true,
  "is_feasible": false,
  "violations": {
    "gain_db": 9.726182000000001
  },
  "margins": {
    "gain_db": -9.726182000000001,
    "gbw_hz": 8930376.656206,
    "pm_deg": 24.270525000000006,
    "power_w": 0.001440308
  }
}