{
  "run_id": "run_000014",
  "design": {
    "w_in": 5.059677618020231e-06,
    "l_in": 8.200765043700481e-07,
    "w_load": 2.2168446460987743e-06,
    "l_load": 9.626982417657652e-07,
    "w_tail": 6.1947228807069635e-06,
    "l_tail": 3.2390754196171816e-07,
    "i_bias": 5.623598364171212e-05,
    "c_comp": 1.025863637685062e-13,
    "w_stage2": 3.176354404460239e-05,
    "l_stage2": 1.1496193759370705e-06
  },
  "netlist_path": "netlists\\generated\\opamp\\run_000014.scs",
  "run_dir": "data\\raw\\opamp\\run_000014",
  "runner_result": {
    "success": true,
    "return_code": 0,
    "runtime_sec": 0.015656471252441406,
    "run_dir": "data\\raw\\opamp\\run_000014",
    "log_path": "data\\raw\\opamp\\run_000014\\spectre.out",
    "stderr_path": "data\\raw\\opamp\\run_000014\\spectre.err",
    "metrics_path": "data\\raw\\opamp\\run_000014\\metrics.txt",
    "error_message": "",
    "mode": "mock"
  },
  "metrics": {
    "gain_db": 53.903677,
    "gbw_hz": 10245070626.738914,
    "pm_deg": 57.373902,
    "power_w": 0.00023003
  },
  "simulation_failed": false,
  "failure_reasons": [],
  "metrics_complete": true,
  "is_feasible": false,
  "violations": {
    "gain_db": 6.096322999999998,
    "pm_deg": 2.626097999999999
  },
  "margins": {
    "gain_db": -6.096322999999998,
    "gbw_hz": 10235070626.738914,
    "pm_deg": -2.626097999999999,
    "power_w": 0.00126997
  }
}