{
  "run_id": "run_000063",
  "design": {
    "w_in": 6.021184303945902e-06,
    "l_in": 3.344330431241767e-07,
    "w_load": 2.1433352550337945e-06,
    "l_load": 1.0607088368173446e-06,
    "w_tail": 1.8486608225903598e-05,
    "l_tail": 7.063728061041604e-07,
    "i_bias": 8.169254022764931e-05,
    "c_comp": 2.243829366760979e-13,
    "w_stage2": 5.1557637484546556e-05,
    "l_stage2": 1.5608518827782646e-06
  },
  "netlist_path": "netlists\\generated\\opamp\\run_000063.scs",
  "run_dir": "data\\raw\\opamp\\run_000063",
  "runner_result": {
    "success": true,
    "return_code": 0,
    "runtime_sec": 0.0,
    "run_dir": "data\\raw\\opamp\\run_000063",
    "log_path": "data\\raw\\opamp\\run_000063\\spectre.out",
    "stderr_path": "data\\raw\\opamp\\run_000063\\spectre.err",
    "metrics_path": "data\\raw\\opamp\\run_000063\\metrics.txt",
    "error_message": "",
    "mode": "mock"
  },
  "metrics": {
    "gain_db": 57.957917,
    "gbw_hz": 9365880928.215624,
    "pm_deg": 60.621177,
    "power_w": 0.000417176
  },
  "simulation_failed": false,
  "failure_reasons": [],
  "metrics_complete": true,
  "is_feasible": false,
  "violations": {
    "gain_db": 2.042082999999998
  },
  "margins": {
    "gain_db": -2.042082999999998,
    "gbw_hz": 9355880928.215624,
    "pm_deg": 0.621177000000003,
    "power_w": 0.001082824
  }
}