{
  "run_id": "run_000057",
  "design": {
    "w_in": 8.02471104231895e-06,
    "l_in": 9.918419355970813e-07,
    "w_load": 3.4125024161431463e-06,
    "l_load": 1.2833584009908421e-06,
    "w_tail": 3.891627912434187e-06,
    "l_tail": 9.118230934034729e-07,
    "i_bias": 0.00018570578620854254,
    "c_comp": 1.470294334274414e-12,
    "w_stage2": 3.9220184094617575e-05,
    "l_stage2": 1.0322520011085019e-06
  },
  "netlist_path": "netlists\\generated\\opamp\\run_000057.scs",
  "run_dir": "data\\raw\\opamp\\run_000057",
  "runner_result": {
    "success": true,
    "return_code": 0,
    "runtime_sec": 0.008008241653442383,
    "run_dir": "data\\raw\\opamp\\run_000057",
    "log_path": "data\\raw\\opamp\\run_000057\\spectre.out",
    "stderr_path": "data\\raw\\opamp\\run_000057\\spectre.err",
    "metrics_path": "data\\raw\\opamp\\run_000057\\metrics.txt",
    "error_message": "",
    "mode": "mock"
  },
  "metrics": {
    "gain_db": 55.169089,
    "gbw_hz": 1872559134.48485,
    "pm_deg": 74.639415,
    "power_w": 0.000679106
  },
  "simulation_failed": false,
  "failure_reasons": [],
  "metrics_complete": true,
  "is_feasible": false,
  "violations": {
    "gain_db": 4.830911
  },
  "margins": {
    "gain_db": -4.830911,
    "gbw_hz": 1862559134.48485,
    "pm_deg": 14.639415,
    "power_w": 0.0008208940000000001
  }
}