{
  "run_id": "run_000031",
  "design": {
    "w_in": 6.981114484570814e-06,
    "l_in": 1.5878141693460605e-06,
    "w_load": 3.227724719373407e-06,
    "l_load": 1.2322149084843617e-06,
    "w_tail": 9.387599338577674e-06,
    "l_tail": 4.2045041332398994e-07,
    "i_bias": 5.234437714847406e-05,
    "c_comp": 1.7449473446214768e-12,
    "w_stage2": 2.2674040459051182e-05,
    "l_stage2": 1.021383305796129e-06
  },
  "netlist_path": "netlists\\generated\\opamp\\run_000031.scs",
  "run_dir": "data\\raw\\opamp\\run_000031",
  "runner_result": {
    "success": true,
    "return_code": 0,
    "runtime_sec": 0.003131389617919922,
    "run_dir": "data\\raw\\opamp\\run_000031",
    "log_path": "data\\raw\\opamp\\run_000031\\spectre.out",
    "stderr_path": "data\\raw\\opamp\\run_000031\\spectre.err",
    "metrics_path": "data\\raw\\opamp\\run_000031\\metrics.txt",
    "error_message": "",
    "mode": "mock"
  },
  "metrics": {
    "gain_db": 48.977187,
    "gbw_hz": 329040832.933687,
    "pm_deg": 70.773122,
    "power_w": 0.000167719
  },
  "simulation_failed": false,
  "failure_reasons": [],
  "metrics_complete": true,
  "is_feasible": false,
  "violations": {
    "gain_db": 11.022813
  },
  "margins": {
    "gain_db": -11.022813,
    "gbw_hz": 319040832.933687,
    "pm_deg": 10.773122,
    "power_w": 0.001332281
  }
}