{
  "run_id": "run_000026",
  "design": {
    "w_in": 5.937680783114134e-06,
    "l_in": 3.9063718294278764e-07,
    "w_load": 2.1649728488695846e-06,
    "l_load": 9.653542444977876e-07,
    "w_tail": 8.242408323016329e-06,
    "l_tail": 3.1588003872433946e-07,
    "i_bias": 8.738538005226112e-05,
    "c_comp": 1.2226287337475178e-13,
    "w_stage2": 3.086102192745135e-05,
    "l_stage2": 9.834897640548612e-07
  },
  "netlist_path": "netlists\\generated\\opamp\\run_000026.scs",
  "run_dir": "data\\raw\\opamp\\run_000026",
  "runner_result": {
    "success": true,
    "return_code": 0,
    "runtime_sec": 0.0,
    "run_dir": "data\\raw\\opamp\\run_000026",
    "log_path": "data\\raw\\opamp\\run_000026\\spectre.out",
    "stderr_path": "data\\raw\\opamp\\run_000026\\spectre.err",
    "metrics_path": "data\\raw\\opamp\\run_000026\\metrics.txt",
    "error_message": "",
    "mode": "mock"
  },
  "metrics": {
    "gain_db": 57.187939,
    "gbw_hz": 11578779463.355492,
    "pm_deg": 55.597907,
    "power_w": 0.000343004
  },
  "simulation_failed": false,
  "failure_reasons": [],
  "metrics_complete": true,
  "is_feasible": false,
  "violations": {
    "gain_db": 2.812061,
    "pm_deg": 4.402093000000001
  },
  "margins": {
    "gain_db": -2.812061,
    "gbw_hz": 11568779463.355492,
    "pm_deg": -4.402093000000001,
    "power_w": 0.001156996
  }
}