{
  "run_id": "run_000029",
  "design": {
    "w_in": 2.7008463710374717e-06,
    "l_in": 3.3287587627444786e-07,
    "w_load": 1.0392261216614217e-06,
    "l_load": 1.2494634962577259e-06,
    "w_tail": 2.7783794708283526e-05,
    "l_tail": 9.202146954929285e-07,
    "i_bias": 8.954811082234457e-06,
    "c_comp": 7.646444967643342e-13,
    "w_stage2": 4.910562566905538e-06,
    "l_stage2": 7.408495424235678e-07
  },
  "netlist_path": "netlists\\generated\\opamp\\run_000029.scs",
  "run_dir": "data\\raw\\opamp\\run_000029",
  "runner_result": {
    "success": true,
    "return_code": 0,
    "runtime_sec": 0.0,
    "run_dir": "data\\raw\\opamp\\run_000029",
    "log_path": "data\\raw\\opamp\\run_000029\\spectre.out",
    "stderr_path": "data\\raw\\opamp\\run_000029\\spectre.err",
    "metrics_path": "data\\raw\\opamp\\run_000029\\metrics.txt",
    "error_message": "",
    "mode": "mock"
  },
  "metrics": {
    "gain_db": 54.462409,
    "gbw_hz": 69625535.654988,
    "pm_deg": 73.864555,
    "power_w": 3.3638e-05
  },
  "simulation_failed": false,
  "failure_reasons": [],
  "metrics_complete": true,
  "is_feasible": false,
  "violations": {
    "gain_db": 5.537590999999999
  },
  "margins": {
    "gain_db": -5.537590999999999,
    "gbw_hz": 59625535.654988006,
    "pm_deg": 13.864554999999996,
    "power_w": 0.0014663620000000001
  }
}